id_certificacio,id_projecte,codi_projecte,codi_centre,id_data_certificacio,denominacio_projecte,tipologia,estat_projecte,any_inici,any_previst_fi,num_certificacio,data_certificacio,exercici,import_certificat,import_previst,import_previst_prorratejat,num_certificacions
1,1,PI-2026-0000,08052608,20261121,Retirada amiant a centre 08052608,RETIRADA_AMIANT,EN_EXECUCIO,2026,2029,1,2026-11-21,2026,56967.11,197077.61,65692.54,1
2,1,PI-2026-0000,08052608,20260828,Retirada amiant a centre 08052608,RETIRADA_AMIANT,EN_EXECUCIO,2026,2029,2,2026-08-28,2026,14422.96,197077.61,65692.54,1
3,1,PI-2026-0000,08052608,20280328,Retirada amiant a centre 08052608,RETIRADA_AMIANT,EN_EXECUCIO,2026,2029,3,2028-03-28,2028,36324.33,197077.61,65692.54,1
4,2,PI-2023-0001,08048061,20241203,Reforma a centre 08048061,REFORMA,FINALITZAT,2023,2024,1,2024-12-03,2024,19912.7,163115.99,27186.0,1
5,2,PI-2023-0001,08048061,20230715,Reforma a centre 08048061,REFORMA,FINALITZAT,2023,2024,2,2023-07-15,2023,14974.25,163115.99,27186.0,1
6,2,PI-2023-0001,08048061,20240220,Reforma a centre 08048061,REFORMA,FINALITZAT,2023,2024,3,2024-02-20,2024,1453.27,163115.99,27186.0,1
7,2,PI-2023-0001,08048061,20231215,Reforma a centre 08048061,REFORMA,FINALITZAT,2023,2024,4,2023-12-15,2023,19298.23,163115.99,27186.0,1
8,2,PI-2023-0001,08048061,20230920,Reforma a centre 08048061,REFORMA,FINALITZAT,2023,2024,5,2023-09-20,2023,27370.12,163115.99,27186.0,1
9,2,PI-2023-0001,08048061,20240924,Reforma a centre 08048061,REFORMA,FINALITZAT,2023,2024,6,2024-09-24,2024,80639.6,163115.99,27186.0,1
10,3,PI-2024-0002,08072899,20250525,Eficiencia energetica a centre 08072899,EFICIENCIA_ENERGETICA,EN_EXECUCIO,2024,2026,1,2025-05-25,2025,786.2,25000.0,8333.33,1
11,3,PI-2024-0002,08072899,20260324,Eficiencia energetica a centre 08072899,EFICIENCIA_ENERGETICA,EN_EXECUCIO,2024,2026,2,2026-03-24,2026,1971.77,25000.0,8333.33,1
12,3,PI-2024-0002,08072899,20240208,Eficiencia energetica a centre 08072899,EFICIENCIA_ENERGETICA,EN_EXECUCIO,2024,2026,3,2024-02-08,2024,5188.76,25000.0,8333.33,1
13,4,PI-2023-0003,08054991,20240514,Accessibilitat a centre 08054991,ACCESSIBILITAT,EN_EXECUCIO,2023,2024,1,2024-05-14,2024,60872.17,91126.05,91126.05,1
14,6,PI-2023-0005,08062389,20250105,Reforma a centre 08062389,REFORMA,EN_EXECUCIO,2023,2026,1,2025-01-05,2025,5367.39,137198.12,45732.71,1
15,6,PI-2023-0005,08062389,20240502,Reforma a centre 08062389,REFORMA,EN_EXECUCIO,2023,2026,2,2024-05-02,2024,88962.8,137198.12,45732.71,1
16,6,PI-2023-0005,08062389,20250421,Reforma a centre 08062389,REFORMA,EN_EXECUCIO,2023,2026,3,2025-04-21,2025,781.67,137198.12,45732.71,1
17,7,PI-2024-0006,08014401,20241001,Accessibilitat a centre 08014401,ACCESSIBILITAT,FINALITZAT,2024,2025,1,2024-10-01,2024,10963.53,46424.81,11606.2,1
18,7,PI-2024-0006,08014401,20251129,Accessibilitat a centre 08014401,ACCESSIBILITAT,FINALITZAT,2024,2025,2,2025-11-29,2025,12646.94,46424.81,11606.2,1
19,7,PI-2024-0006,08014401,20240906,Accessibilitat a centre 08014401,ACCESSIBILITAT,FINALITZAT,2024,2025,3,2024-09-06,2024,19305.29,46424.81,11606.2,1
20,7,PI-2024-0006,08014401,20250706,Accessibilitat a centre 08014401,ACCESSIBILITAT,FINALITZAT,2024,2025,4,2025-07-06,2025,3929.62,46424.81,11606.2,1
21,9,PI-2023-0008,08001145,20240206,Accessibilitat a centre 08001145,ACCESSIBILITAT,FINALITZAT,2023,2024,1,2024-02-06,2024,3847.57,60001.74,10000.29,1
22,9,PI-2023-0008,08001145,20241216,Accessibilitat a centre 08001145,ACCESSIBILITAT,FINALITZAT,2023,2024,2,2024-12-16,2024,350.57,60001.74,10000.29,1
23,9,PI-2023-0008,08001145,20231115,Accessibilitat a centre 08001145,ACCESSIBILITAT,FINALITZAT,2023,2024,3,2023-11-15,2023,14141.26,60001.74,10000.29,1
24,9,PI-2023-0008,08001145,20241125,Accessibilitat a centre 08001145,ACCESSIBILITAT,FINALITZAT,2023,2024,4,2024-11-25,2024,17090.92,60001.74,10000.29,1
25,9,PI-2023-0008,08001145,20240117,Accessibilitat a centre 08001145,ACCESSIBILITAT,FINALITZAT,2023,2024,5,2024-01-17,2024,7190.48,60001.74,10000.29,1
26,9,PI-2023-0008,08001145,20230507,Accessibilitat a centre 08001145,ACCESSIBILITAT,FINALITZAT,2023,2024,6,2023-05-07,2023,13346.38,60001.74,10000.29,1
27,10,PI-2023-0009,08044582,20250301,Reforma a centre 08044582,REFORMA,EN_EXECUCIO,2023,2026,1,2025-03-01,2025,4210.23,25000.0,12500.0,1
28,10,PI-2023-0009,08044582,20230811,Reforma a centre 08044582,REFORMA,EN_EXECUCIO,2023,2026,2,2023-08-11,2023,2549.22,25000.0,12500.0,1
29,12,PI-2023-0011,08001066,20250606,Nova construccio a centre 08001066,NOVA_CONSTRUCCIO,FINALITZAT,2023,2024,1,2025-06-06,2025,420087.68,1445249.26,722624.63,1
30,12,PI-2023-0011,08001066,20231016,Nova construccio a centre 08001066,NOVA_CONSTRUCCIO,FINALITZAT,2023,2024,2,2023-10-16,2023,938673.14,1445249.26,722624.63,1
31,13,PI-2026-0012,08013202,20270501,Accessibilitat a centre 08013202,ACCESSIBILITAT,ADJUDICAT,2026,2028,1,2027-05-01,2027,9656.76,184536.21,46134.05,1
32,13,PI-2026-0012,08013202,20280411,Accessibilitat a centre 08013202,ACCESSIBILITAT,ADJUDICAT,2026,2028,2,2028-04-11,2028,715.33,184536.21,46134.05,1
33,13,PI-2026-0012,08013202,20280326,Accessibilitat a centre 08013202,ACCESSIBILITAT,ADJUDICAT,2026,2028,3,2028-03-26,2028,394.29,184536.21,46134.05,1
34,13,PI-2026-0012,08013202,20260815,Accessibilitat a centre 08013202,ACCESSIBILITAT,ADJUDICAT,2026,2028,4,2026-08-15,2026,305.79,184536.21,46134.05,1
35,14,PI-2024-0013,08046384,20250412,Reforma a centre 08046384,REFORMA,FINALITZAT,2024,2027,1,2025-04-12,2025,49516.04,254294.04,42382.34,1
36,14,PI-2024-0013,08046384,20240428,Reforma a centre 08046384,REFORMA,FINALITZAT,2024,2027,2,2024-04-28,2024,16229.55,254294.04,42382.34,1
37,14,PI-2024-0013,08046384,20260531,Reforma a centre 08046384,REFORMA,FINALITZAT,2024,2027,3,2026-05-31,2026,80305.77,254294.04,42382.34,1
38,14,PI-2024-0013,08046384,20250120,Reforma a centre 08046384,REFORMA,FINALITZAT,2024,2027,4,2025-01-20,2025,63442.92,254294.04,42382.34,1
39,14,PI-2024-0013,08046384,20240429,Reforma a centre 08046384,REFORMA,FINALITZAT,2024,2027,5,2024-04-29,2024,12926.96,254294.04,42382.34,1
40,14,PI-2024-0013,08046384,20250811,Reforma a centre 08046384,REFORMA,FINALITZAT,2024,2027,6,2025-08-11,2025,26914.38,254294.04,42382.34,1
41,15,PI-2024-0014,08078956,20240731,Reforma a centre 08078956,REFORMA,EN_EXECUCIO,2024,2026,1,2024-07-31,2024,12382.4,261332.86,43555.48,1
42,15,PI-2024-0014,08078956,20260103,Reforma a centre 08078956,REFORMA,EN_EXECUCIO,2024,2026,2,2026-01-03,2026,24495.62,261332.86,43555.48,1
43,15,PI-2024-0014,08078956,20241225,Reforma a centre 08078956,REFORMA,EN_EXECUCIO,2024,2026,3,2024-12-25,2024,33017.32,261332.86,43555.48,1
44,15,PI-2024-0014,08078956,20250503,Reforma a centre 08078956,REFORMA,EN_EXECUCIO,2024,2026,4,2025-05-03,2025,51181.27,261332.86,43555.48,1
45,15,PI-2024-0014,08078956,20250621,Reforma a centre 08078956,REFORMA,EN_EXECUCIO,2024,2026,5,2025-06-21,2025,10070.16,261332.86,43555.48,1
46,15,PI-2024-0014,08078956,20250112,Reforma a centre 08078956,REFORMA,EN_EXECUCIO,2024,2026,6,2025-01-12,2025,51675.55,261332.86,43555.48,1
47,16,PI-2026-0015,08071950,20280314,Reforma a centre 08071950,REFORMA,FINALITZAT,2026,2029,1,2028-03-14,2028,68869.33,70768.49,70768.49,1
48,17,PI-2025-0016,08065196,20270214,Reforma a centre 08065196,REFORMA,FINALITZAT,2025,2027,1,2027-02-14,2027,124600.24,309234.06,77308.52,1
49,17,PI-2025-0016,08065196,20260829,Reforma a centre 08065196,REFORMA,FINALITZAT,2025,2027,2,2026-08-29,2026,17167.94,309234.06,77308.52,1
50,17,PI-2025-0016,08065196,20260808,Reforma a centre 08065196,REFORMA,FINALITZAT,2025,2027,3,2026-08-08,2026,12900.38,309234.06,77308.52,1
51,17,PI-2025-0016,08065196,20250715,Reforma a centre 08065196,REFORMA,FINALITZAT,2025,2027,4,2025-07-15,2025,150140.93,309234.06,77308.52,1
52,18,PI-2025-0017,08034242,20251216,Accessibilitat a centre 08034242,ACCESSIBILITAT,EN_EXECUCIO,2025,2026,1,2025-12-16,2025,2355.3,25000.0,4166.67,1
53,18,PI-2025-0017,08034242,20251105,Accessibilitat a centre 08034242,ACCESSIBILITAT,EN_EXECUCIO,2025,2026,2,2025-11-05,2025,1582.78,25000.0,4166.67,1
54,18,PI-2025-0017,08034242,20250505,Accessibilitat a centre 08034242,ACCESSIBILITAT,EN_EXECUCIO,2025,2026,3,2025-05-05,2025,3094.09,25000.0,4166.67,1
55,18,PI-2025-0017,08034242,20261222,Accessibilitat a centre 08034242,ACCESSIBILITAT,EN_EXECUCIO,2025,2026,4,2026-12-22,2026,6397.53,25000.0,4166.67,1
56,18,PI-2025-0017,08034242,20250611,Accessibilitat a centre 08034242,ACCESSIBILITAT,EN_EXECUCIO,2025,2026,5,2025-06-11,2025,3345.73,25000.0,4166.67,1
57,18,PI-2025-0017,08034242,20260118,Accessibilitat a centre 08034242,ACCESSIBILITAT,EN_EXECUCIO,2025,2026,6,2026-01-18,2026,2697.96,25000.0,4166.67,1
58,19,PI-2025-0018,08071950,20270205,Eficiencia energetica a centre 08071950,EFICIENCIA_ENERGETICA,ADJUDICAT,2025,2026,1,2027-02-05,2027,11768.59,387244.05,64540.68,1
59,19,PI-2025-0018,08071950,20270608,Eficiencia energetica a centre 08071950,EFICIENCIA_ENERGETICA,ADJUDICAT,2025,2026,2,2027-06-08,2027,4008.05,387244.05,64540.68,1
60,19,PI-2025-0018,08071950,20270317,Eficiencia energetica a centre 08071950,EFICIENCIA_ENERGETICA,ADJUDICAT,2025,2026,3,2027-03-17,2027,1462.68,387244.05,64540.68,1
61,19,PI-2025-0018,08071950,20260418,Eficiencia energetica a centre 08071950,EFICIENCIA_ENERGETICA,ADJUDICAT,2025,2026,4,2026-04-18,2026,2275.83,387244.05,64540.68,1
62,19,PI-2025-0018,08071950,20260129,Eficiencia energetica a centre 08071950,EFICIENCIA_ENERGETICA,ADJUDICAT,2025,2026,5,2026-01-29,2026,426.25,387244.05,64540.68,1
63,19,PI-2025-0018,08071950,20260104,Eficiencia energetica a centre 08071950,EFICIENCIA_ENERGETICA,ADJUDICAT,2025,2026,6,2026-01-04,2026,3293.24,387244.05,64540.68,1
64,20,PI-2023-0019,08049725,20250223,Eficiencia energetica a centre 08049725,EFICIENCIA_ENERGETICA,FINALITZAT,2023,2024,1,2025-02-23,2025,133977.36,250869.41,50173.88,1
65,20,PI-2023-0019,08049725,20230916,Eficiencia energetica a centre 08049725,EFICIENCIA_ENERGETICA,FINALITZAT,2023,2024,2,2023-09-16,2023,5020.51,250869.41,50173.88,1
66,20,PI-2023-0019,08049725,20241031,Eficiencia energetica a centre 08049725,EFICIENCIA_ENERGETICA,FINALITZAT,2023,2024,3,2024-10-31,2024,4326.84,250869.41,50173.88,1
67,20,PI-2023-0019,08049725,20230506,Eficiencia energetica a centre 08049725,EFICIENCIA_ENERGETICA,FINALITZAT,2023,2024,4,2023-05-06,2023,27071.11,250869.41,50173.88,1
68,20,PI-2023-0019,08049725,20240211,Eficiencia energetica a centre 08049725,EFICIENCIA_ENERGETICA,FINALITZAT,2023,2024,5,2024-02-11,2024,65820.4,250869.41,50173.88,1
69,22,PI-2023-0021,08054991,20240423,Reforma a centre 08054991,REFORMA,FINALITZAT,2023,2026,1,2024-04-23,2024,53451.92,88682.22,44341.11,1
70,22,PI-2023-0021,08054991,20250426,Reforma a centre 08054991,REFORMA,FINALITZAT,2023,2026,2,2025-04-26,2025,30990.14,88682.22,44341.11,1
71,23,PI-2024-0022,08050922,20240223,Eficiencia energetica a centre 08050922,EFICIENCIA_ENERGETICA,EN_EXECUCIO,2024,2025,1,2024-02-23,2024,144005.34,276001.91,276001.91,1
72,25,PI-2025-0024,08072899,20250218,Reforma a centre 08072899,REFORMA,FINALITZAT,2025,2027,1,2025-02-18,2025,18340.89,149473.23,24912.21,1
73,25,PI-2025-0024,08072899,20261029,Reforma a centre 08072899,REFORMA,FINALITZAT,2025,2027,2,2026-10-29,2026,19463.29,149473.23,24912.21,1
74,25,PI-2025-0024,08072899,20260908,Reforma a centre 08072899,REFORMA,FINALITZAT,2025,2027,3,2026-09-08,2026,22545.15,149473.23,24912.21,1
75,25,PI-2025-0024,08072899,20260912,Reforma a centre 08072899,REFORMA,FINALITZAT,2025,2027,4,2026-09-12,2026,15511.13,149473.23,24912.21,1
76,25,PI-2025-0024,08072899,20251011,Reforma a centre 08072899,REFORMA,FINALITZAT,2025,2027,5,2025-10-11,2025,53065.26,149473.23,24912.21,1
77,25,PI-2025-0024,08072899,20250701,Reforma a centre 08072899,REFORMA,FINALITZAT,2025,2027,6,2025-07-01,2025,23133.77,149473.23,24912.21,1
78,26,PI-2024-0025,08004523,20260213,Accessibilitat a centre 08004523,ACCESSIBILITAT,FINALITZAT,2024,2025,1,2026-02-13,2026,2096.92,60597.24,12119.45,1
79,26,PI-2024-0025,08004523,20260608,Accessibilitat a centre 08004523,ACCESSIBILITAT,FINALITZAT,2024,2025,2,2026-06-08,2026,34182.44,60597.24,12119.45,1
80,26,PI-2024-0025,08004523,20260119,Accessibilitat a centre 08004523,ACCESSIBILITAT,FINALITZAT,2024,2025,3,2026-01-19,2026,2403.76,60597.24,12119.45,1
81,26,PI-2024-0025,08004523,20240615,Accessibilitat a centre 08004523,ACCESSIBILITAT,FINALITZAT,2024,2025,4,2024-06-15,2024,326.68,60597.24,12119.45,1
82,26,PI-2024-0025,08004523,20250507,Accessibilitat a centre 08004523,ACCESSIBILITAT,FINALITZAT,2024,2025,5,2025-05-07,2025,19154.73,60597.24,12119.45,1
83,27,PI-2023-0026,08027754,20240719,Eficiencia energetica a centre 08027754,EFICIENCIA_ENERGETICA,ADJUDICAT,2023,2025,1,2024-07-19,2024,6754.65,326034.77,163017.39,1
84,27,PI-2023-0026,08027754,20240124,Eficiencia energetica a centre 08027754,EFICIENCIA_ENERGETICA,ADJUDICAT,2023,2025,2,2024-01-24,2024,12807.44,326034.77,163017.39,1
85,28,PI-2025-0027,08044053,20270615,Ampliacio a centre 08044053,AMPLIACIO,EN_EXECUCIO,2025,2027,1,2027-06-15,2027,11444.25,422989.69,84597.94,1
86,28,PI-2025-0027,08044053,20260611,Ampliacio a centre 08044053,AMPLIACIO,EN_EXECUCIO,2025,2027,2,2026-06-11,2026,32419.03,422989.69,84597.94,1
87,28,PI-2025-0027,08044053,20270119,Ampliacio a centre 08044053,AMPLIACIO,EN_EXECUCIO,2025,2027,3,2027-01-19,2027,78185.64,422989.69,84597.94,1
88,28,PI-2025-0027,08044053,20261117,Ampliacio a centre 08044053,AMPLIACIO,EN_EXECUCIO,2025,2027,4,2026-11-17,2026,1079.09,422989.69,84597.94,1
89,28,PI-2025-0027,08044053,20260624,Ampliacio a centre 08044053,AMPLIACIO,EN_EXECUCIO,2025,2027,5,2026-06-24,2026,28698.49,422989.69,84597.94,1
90,29,PI-2025-0028,08046360,20250605,Retirada amiant a centre 08046360,RETIRADA_AMIANT,EN_EXECUCIO,2025,2028,1,2025-06-05,2025,77521.41,189546.83,94773.42,1
91,29,PI-2025-0028,08046360,20260301,Retirada amiant a centre 08046360,RETIRADA_AMIANT,EN_EXECUCIO,2025,2028,2,2026-03-01,2026,24859.08,189546.83,94773.42,1
92,32,PI-2024-0031,08044326,20241021,Accessibilitat a centre 08044326,ACCESSIBILITAT,EN_EXECUCIO,2024,2027,1,2024-10-21,2024,17436.28,126282.54,21047.09,1
93,32,PI-2024-0031,08044326,20240726,Accessibilitat a centre 08044326,ACCESSIBILITAT,EN_EXECUCIO,2024,2027,2,2024-07-26,2024,255.65,126282.54,21047.09,1
94,32,PI-2024-0031,08044326,20241006,Accessibilitat a centre 08044326,ACCESSIBILITAT,EN_EXECUCIO,2024,2027,3,2024-10-06,2024,530.79,126282.54,21047.09,1
95,32,PI-2024-0031,08044326,20240305,Accessibilitat a centre 08044326,ACCESSIBILITAT,EN_EXECUCIO,2024,2027,4,2024-03-05,2024,1078.32,126282.54,21047.09,1
96,32,PI-2024-0031,08044326,20260521,Accessibilitat a centre 08044326,ACCESSIBILITAT,EN_EXECUCIO,2024,2027,5,2026-05-21,2026,6523.25,126282.54,21047.09,1
97,32,PI-2024-0031,08044326,20240309,Accessibilitat a centre 08044326,ACCESSIBILITAT,EN_EXECUCIO,2024,2027,6,2024-03-09,2024,9357.95,126282.54,21047.09,1
98,33,PI-2025-0032,08066516,20270522,Accessibilitat a centre 08066516,ACCESSIBILITAT,EN_EXECUCIO,2025,2027,1,2027-05-22,2027,15094.23,131628.32,21938.05,1
99,33,PI-2025-0032,08066516,20260527,Accessibilitat a centre 08066516,ACCESSIBILITAT,EN_EXECUCIO,2025,2027,2,2026-05-27,2026,4629.56,131628.32,21938.05,1
100,33,PI-2025-0032,08066516,20260909,Accessibilitat a centre 08066516,ACCESSIBILITAT,EN_EXECUCIO,2025,2027,3,2026-09-09,2026,1307.06,131628.32,21938.05,1
101,33,PI-2025-0032,08066516,20260319,Accessibilitat a centre 08066516,ACCESSIBILITAT,EN_EXECUCIO,2025,2027,4,2026-03-19,2026,12858.69,131628.32,21938.05,1
102,33,PI-2025-0032,08066516,20250325,Accessibilitat a centre 08066516,ACCESSIBILITAT,EN_EXECUCIO,2025,2027,5,2025-03-25,2025,12512.05,131628.32,21938.05,1
103,33,PI-2025-0032,08066516,20260830,Accessibilitat a centre 08066516,ACCESSIBILITAT,EN_EXECUCIO,2025,2027,6,2026-08-30,2026,6287.92,131628.32,21938.05,1
104,34,PI-2023-0033,08077940,20240904,Retirada amiant a centre 08077940,RETIRADA_AMIANT,FINALITZAT,2023,2024,1,2024-09-04,2024,133005.12,140025.12,70012.56,1
105,34,PI-2023-0033,08077940,20250609,Retirada amiant a centre 08077940,RETIRADA_AMIANT,FINALITZAT,2023,2024,2,2025-06-09,2025,2710.15,140025.12,70012.56,1
106,35,PI-2025-0034,08057965,20270305,Reforma a centre 08057965,REFORMA,FINALITZAT,2025,2027,1,2027-03-05,2027,73588.85,205205.47,34200.91,1
107,35,PI-2025-0034,08057965,20260625,Reforma a centre 08057965,REFORMA,FINALITZAT,2025,2027,2,2026-06-25,2026,16183.83,205205.47,34200.91,1
108,35,PI-2025-0034,08057965,20251115,Reforma a centre 08057965,REFORMA,FINALITZAT,2025,2027,3,2025-11-15,2025,25060.16,205205.47,34200.91,1
109,35,PI-2025-0034,08057965,20260807,Reforma a centre 08057965,REFORMA,FINALITZAT,2025,2027,4,2026-08-07,2026,9327.88,205205.47,34200.91,1
110,35,PI-2025-0034,08057965,20261120,Reforma a centre 08057965,REFORMA,FINALITZAT,2025,2027,5,2026-11-20,2026,8001.25,205205.47,34200.91,1
111,35,PI-2025-0034,08057965,20250531,Reforma a centre 08057965,REFORMA,FINALITZAT,2025,2027,6,2025-05-31,2025,73375.02,205205.47,34200.91,1
112,36,PI-2025-0035,08000943,20250514,Nova construccio a centre 08000943,NOVA_CONSTRUCCIO,FINALITZAT,2025,2027,1,2025-05-14,2025,249055.88,2319337.23,463867.45,1
113,36,PI-2025-0035,08000943,20250904,Nova construccio a centre 08000943,NOVA_CONSTRUCCIO,FINALITZAT,2025,2027,2,2025-09-04,2025,192908.32,2319337.23,463867.45,1
114,36,PI-2025-0035,08000943,20260916,Nova construccio a centre 08000943,NOVA_CONSTRUCCIO,FINALITZAT,2025,2027,3,2026-09-16,2026,356962.94,2319337.23,463867.45,1
115,36,PI-2025-0035,08000943,20270312,Nova construccio a centre 08000943,NOVA_CONSTRUCCIO,FINALITZAT,2025,2027,4,2027-03-12,2027,986215.04,2319337.23,463867.45,1
116,36,PI-2025-0035,08000943,20250315,Nova construccio a centre 08000943,NOVA_CONSTRUCCIO,FINALITZAT,2025,2027,5,2025-03-15,2025,547660.68,2319337.23,463867.45,1
117,38,PI-2026-0037,08049294,20261023,Eficiencia energetica a centre 08049294,EFICIENCIA_ENERGETICA,ADJUDICAT,2026,2029,1,2026-10-23,2026,5207.28,86787.97,86787.97,1
118,39,PI-2024-0038,08013202,20240629,Reforma a centre 08013202,REFORMA,EN_EXECUCIO,2024,2025,1,2024-06-29,2024,47189.72,182534.35,60844.78,1
119,39,PI-2024-0038,08013202,20260510,Reforma a centre 08013202,REFORMA,EN_EXECUCIO,2024,2025,2,2026-05-10,2026,23983.31,182534.35,60844.78,1
120,39,PI-2024-0038,08013202,20240706,Reforma a centre 08013202,REFORMA,EN_EXECUCIO,2024,2025,3,2024-07-06,2024,18749.32,182534.35,60844.78,1
121,40,PI-2026-0039,08043875,20260415,Ampliacio a centre 08043875,AMPLIACIO,ADJUDICAT,2026,2028,1,2026-04-15,2026,17153.52,926382.03,154397.01,1
122,40,PI-2026-0039,08043875,20260507,Ampliacio a centre 08043875,AMPLIACIO,ADJUDICAT,2026,2028,2,2026-05-07,2026,16336.85,926382.03,154397.01,1
123,40,PI-2026-0039,08043875,20270509,Ampliacio a centre 08043875,AMPLIACIO,ADJUDICAT,2026,2028,3,2027-05-09,2027,10508.23,926382.03,154397.01,1
124,40,PI-2026-0039,08043875,20280523,Ampliacio a centre 08043875,AMPLIACIO,ADJUDICAT,2026,2028,4,2028-05-23,2028,2639.56,926382.03,154397.01,1
125,40,PI-2026-0039,08043875,20271216,Ampliacio a centre 08043875,AMPLIACIO,ADJUDICAT,2026,2028,5,2027-12-16,2027,5351.41,926382.03,154397.01,1
126,40,PI-2026-0039,08043875,20270114,Ampliacio a centre 08043875,AMPLIACIO,ADJUDICAT,2026,2028,6,2027-01-14,2027,3593.35,926382.03,154397.01,1
127,41,PI-2026-0040,08002927,20261023,Ampliacio a centre 08002927,AMPLIACIO,FINALITZAT,2026,2028,1,2026-10-23,2026,40350.18,432011.51,108002.88,1
128,41,PI-2026-0040,08002927,20280511,Ampliacio a centre 08002927,AMPLIACIO,FINALITZAT,2026,2028,2,2028-05-11,2028,68249.95,432011.51,108002.88,1
129,41,PI-2026-0040,08002927,20260709,Ampliacio a centre 08002927,AMPLIACIO,FINALITZAT,2026,2028,3,2026-07-09,2026,94458.41,432011.51,108002.88,1
130,41,PI-2026-0040,08002927,20270122,Ampliacio a centre 08002927,AMPLIACIO,FINALITZAT,2026,2028,4,2027-01-22,2027,203601.7,432011.51,108002.88,1
131,42,PI-2026-0041,08045070,20270927,Reforma a centre 08045070,REFORMA,EN_EXECUCIO,2026,2027,1,2027-09-27,2027,69026.47,132173.15,132173.15,1
132,46,PI-2025-0045,08049464,20251224,Ampliacio a centre 08049464,AMPLIACIO,FINALITZAT,2025,2027,1,2025-12-24,2025,637735.74,685487.57,685487.57,1
133,49,PI-2025-0048,08043267,20260916,Reforma a centre 08043267,REFORMA,EN_EXECUCIO,2025,2027,1,2026-09-16,2026,16538.82,282352.99,47058.83,1
134,49,PI-2025-0048,08043267,20270223,Reforma a centre 08043267,REFORMA,EN_EXECUCIO,2025,2027,2,2027-02-23,2027,18912.41,282352.99,47058.83,1
135,49,PI-2025-0048,08043267,20270519,Reforma a centre 08043267,REFORMA,EN_EXECUCIO,2025,2027,3,2027-05-19,2027,10814.73,282352.99,47058.83,1
136,49,PI-2025-0048,08043267,20250207,Reforma a centre 08043267,REFORMA,EN_EXECUCIO,2025,2027,4,2025-02-07,2025,35090.65,282352.99,47058.83,1
137,49,PI-2025-0048,08043267,20261030,Reforma a centre 08043267,REFORMA,EN_EXECUCIO,2025,2027,5,2026-10-30,2026,27733.12,282352.99,47058.83,1
138,49,PI-2025-0048,08043267,20260915,Reforma a centre 08043267,REFORMA,EN_EXECUCIO,2025,2027,6,2026-09-15,2026,3192.59,282352.99,47058.83,1
139,50,PI-2024-0049,08051801,20250814,Retirada amiant a centre 08051801,RETIRADA_AMIANT,FINALITZAT,2024,2027,1,2025-08-14,2025,21533.34,138694.13,27738.83,1
140,50,PI-2024-0049,08051801,20260305,Retirada amiant a centre 08051801,RETIRADA_AMIANT,FINALITZAT,2024,2027,2,2026-03-05,2026,59727.82,138694.13,27738.83,1
141,50,PI-2024-0049,08051801,20241231,Retirada amiant a centre 08051801,RETIRADA_AMIANT,FINALITZAT,2024,2027,3,2024-12-31,2024,17215.87,138694.13,27738.83,1
142,50,PI-2024-0049,08051801,20250806,Retirada amiant a centre 08051801,RETIRADA_AMIANT,FINALITZAT,2024,2027,4,2025-08-06,2025,21692.41,138694.13,27738.83,1
143,50,PI-2024-0049,08051801,20260401,Retirada amiant a centre 08051801,RETIRADA_AMIANT,FINALITZAT,2024,2027,5,2026-04-01,2026,16910.44,138694.13,27738.83,1
144,51,PI-2025-0050,08054496,20250312,Reforma a centre 08054496,REFORMA,ADJUDICAT,2025,2027,1,2025-03-12,2025,864.55,130604.01,32651.0,1
145,51,PI-2025-0050,08054496,20270601,Reforma a centre 08054496,REFORMA,ADJUDICAT,2025,2027,2,2027-06-01,2027,1219.13,130604.01,32651.0,1
146,51,PI-2025-0050,08054496,20270216,Reforma a centre 08054496,REFORMA,ADJUDICAT,2025,2027,3,2027-02-16,2027,2032.69,130604.01,32651.0,1
147,51,PI-2025-0050,08054496,20270128,Reforma a centre 08054496,REFORMA,ADJUDICAT,2025,2027,4,2027-01-28,2027,3719.88,130604.01,32651.0,1
148,53,PI-2026-0052,08001030,20270908,Accessibilitat a centre 08001030,ACCESSIBILITAT,EN_EXECUCIO,2026,2029,1,2027-09-08,2027,1711.68,95495.2,19099.04,1
149,53,PI-2026-0052,08001030,20270916,Accessibilitat a centre 08001030,ACCESSIBILITAT,EN_EXECUCIO,2026,2029,2,2027-09-16,2027,5425.82,95495.2,19099.04,1
150,53,PI-2026-0052,08001030,20280414,Accessibilitat a centre 08001030,ACCESSIBILITAT,EN_EXECUCIO,2026,2029,3,2028-04-14,2028,23538.01,95495.2,19099.04,1
151,53,PI-2026-0052,08001030,20270824,Accessibilitat a centre 08001030,ACCESSIBILITAT,EN_EXECUCIO,2026,2029,4,2027-08-24,2027,19143.02,95495.2,19099.04,1
152,53,PI-2026-0052,08001030,20270714,Accessibilitat a centre 08001030,ACCESSIBILITAT,EN_EXECUCIO,2026,2029,5,2027-07-14,2027,5212.81,95495.2,19099.04,1
153,54,PI-2024-0053,08072292,20240826,Accessibilitat a centre 08072292,ACCESSIBILITAT,FINALITZAT,2024,2025,1,2024-08-26,2024,15745.73,91469.19,22867.3,1
154,54,PI-2024-0053,08072292,20240930,Accessibilitat a centre 08072292,ACCESSIBILITAT,FINALITZAT,2024,2025,2,2024-09-30,2024,38326.29,91469.19,22867.3,1
155,54,PI-2024-0053,08072292,20260330,Accessibilitat a centre 08072292,ACCESSIBILITAT,FINALITZAT,2024,2025,3,2026-03-30,2026,18331.69,91469.19,22867.3,1
156,54,PI-2024-0053,08072292,20241209,Accessibilitat a centre 08072292,ACCESSIBILITAT,FINALITZAT,2024,2025,4,2024-12-09,2024,13028.8,91469.19,22867.3,1
157,55,PI-2026-0054,08063436,20260417,Ampliacio a centre 08063436,AMPLIACIO,EN_EXECUCIO,2026,2028,1,2026-04-17,2026,76446.78,843050.02,421525.01,1
158,55,PI-2026-0054,08063436,20260501,Ampliacio a centre 08063436,AMPLIACIO,EN_EXECUCIO,2026,2028,2,2026-05-01,2026,280689.31,843050.02,421525.01,1
159,56,PI-2023-0055,08055993,20250425,Reforma a centre 08055993,REFORMA,EN_EXECUCIO,2023,2025,1,2025-04-25,2025,38736.62,281794.08,93931.36,1
160,56,PI-2023-0055,08055993,20240316,Reforma a centre 08055993,REFORMA,EN_EXECUCIO,2023,2025,2,2024-03-16,2024,13167.95,281794.08,93931.36,1
161,56,PI-2023-0055,08055993,20240723,Reforma a centre 08055993,REFORMA,EN_EXECUCIO,2023,2025,3,2024-07-23,2024,4879.62,281794.08,93931.36,1
162,57,PI-2025-0056,08032211,20250422,Ampliacio a centre 08032211,AMPLIACIO,EN_EXECUCIO,2025,2028,1,2025-04-22,2025,59938.46,214048.43,71349.48,1
163,57,PI-2025-0056,08032211,20270222,Ampliacio a centre 08032211,AMPLIACIO,EN_EXECUCIO,2025,2028,2,2027-02-22,2027,16001.93,214048.43,71349.48,1
164,57,PI-2025-0056,08032211,20250518,Ampliacio a centre 08032211,AMPLIACIO,EN_EXECUCIO,2025,2028,3,2025-05-18,2025,69398.06,214048.43,71349.48,1
165,58,PI-2024-0057,08046384,20240418,Eficiencia energetica a centre 08046384,EFICIENCIA_ENERGETICA,ADJUDICAT,2024,2025,1,2024-04-18,2024,768.06,316896.97,79224.24,1
166,58,PI-2024-0057,08046384,20260306,Eficiencia energetica a centre 08046384,EFICIENCIA_ENERGETICA,ADJUDICAT,2024,2025,2,2026-03-06,2026,816.95,316896.97,79224.24,1
167,58,PI-2024-0057,08046384,20260213,Eficiencia energetica a centre 08046384,EFICIENCIA_ENERGETICA,ADJUDICAT,2024,2025,3,2026-02-13,2026,4918.52,316896.97,79224.24,1
168,58,PI-2024-0057,08046384,20241126,Eficiencia energetica a centre 08046384,EFICIENCIA_ENERGETICA,ADJUDICAT,2024,2025,4,2024-11-26,2024,12510.29,316896.97,79224.24,1
169,59,PI-2026-0058,08040217,20280604,Accessibilitat a centre 08040217,ACCESSIBILITAT,ATURAT,2026,2029,1,2028-06-04,2028,8582.88,85871.76,42935.88,1
170,59,PI-2026-0058,08040217,20260921,Accessibilitat a centre 08040217,ACCESSIBILITAT,ATURAT,2026,2029,2,2026-09-21,2026,27288.76,85871.76,42935.88,1
171,60,PI-2026-0059,08007597,20260212,Eficiencia energetica a centre 08007597,EFICIENCIA_ENERGETICA,FINALITZAT,2026,2029,1,2026-02-12,2026,111482.81,138680.27,69340.14,1
172,60,PI-2026-0059,08007597,20270714,Eficiencia energetica a centre 08007597,EFICIENCIA_ENERGETICA,FINALITZAT,2026,2029,2,2027-07-14,2027,21961.19,138680.27,69340.14,1
173,61,PI-2026-0060,08052621,20270615,Reforma a centre 08052621,REFORMA,ADJUDICAT,2026,2027,1,2027-06-15,2027,520.84,50887.38,10177.48,1
174,61,PI-2026-0060,08052621,20260812,Reforma a centre 08052621,REFORMA,ADJUDICAT,2026,2027,2,2026-08-12,2026,48.94,50887.38,10177.48,1
175,61,PI-2026-0060,08052621,20270622,Reforma a centre 08052621,REFORMA,ADJUDICAT,2026,2027,3,2027-06-22,2027,69.73,50887.38,10177.48,1
176,61,PI-2026-0060,08052621,20261106,Reforma a centre 08052621,REFORMA,ADJUDICAT,2026,2027,4,2026-11-06,2026,474.42,50887.38,10177.48,1
177,61,PI-2026-0060,08052621,20260313,Reforma a centre 08052621,REFORMA,ADJUDICAT,2026,2027,5,2026-03-13,2026,1939.31,50887.38,10177.48,1
178,62,PI-2023-0061,08003609,20230706,Nova construccio a centre 08003609,NOVA_CONSTRUCCIO,ADJUDICAT,2023,2026,1,2023-07-06,2023,51953.52,4405375.42,1468458.47,1
179,62,PI-2023-0061,08003609,20240125,Nova construccio a centre 08003609,NOVA_CONSTRUCCIO,ADJUDICAT,2023,2026,2,2024-01-25,2024,99887.73,4405375.42,1468458.47,1
180,62,PI-2023-0061,08003609,20240328,Nova construccio a centre 08003609,NOVA_CONSTRUCCIO,ADJUDICAT,2023,2026,3,2024-03-28,2024,112481.28,4405375.42,1468458.47,1
181,65,PI-2025-0064,08055750,20260410,Nova construccio a centre 08055750,NOVA_CONSTRUCCIO,FINALITZAT,2025,2026,1,2026-04-10,2026,2858383.09,2977361.02,2977361.02,1
182,66,PI-2026-0065,08037395,20280422,Accessibilitat a centre 08037395,ACCESSIBILITAT,FINALITZAT,2026,2029,1,2028-04-22,2028,10033.3,71442.08,35721.04,1
183,66,PI-2026-0065,08037395,20270902,Accessibilitat a centre 08037395,ACCESSIBILITAT,FINALITZAT,2026,2029,2,2027-09-02,2027,56730.3,71442.08,35721.04,1
184,67,PI-2026-0066,08075074,20260527,Accessibilitat a centre 08075074,ACCESSIBILITAT,EN_EXECUCIO,2026,2029,1,2026-05-27,2026,39434.12,98885.28,24721.32,1
185,67,PI-2026-0066,08075074,20260702,Accessibilitat a centre 08075074,ACCESSIBILITAT,EN_EXECUCIO,2026,2029,2,2026-07-02,2026,14232.85,98885.28,24721.32,1
186,67,PI-2026-0066,08075074,20260618,Accessibilitat a centre 08075074,ACCESSIBILITAT,EN_EXECUCIO,2026,2029,3,2026-06-18,2026,1007.3,98885.28,24721.32,1
187,67,PI-2026-0066,08075074,20260727,Accessibilitat a centre 08075074,ACCESSIBILITAT,EN_EXECUCIO,2026,2029,4,2026-07-27,2026,19366.91,98885.28,24721.32,1
188,69,PI-2025-0068,08079304,20261123,Eficiencia energetica a centre 08079304,EFICIENCIA_ENERGETICA,EN_EXECUCIO,2025,2026,1,2026-11-23,2026,119900.03,191440.96,191440.96,1
189,70,PI-2024-0069,08046384,20250127,Accessibilitat a centre 08046384,ACCESSIBILITAT,EN_EXECUCIO,2024,2026,1,2025-01-27,2025,153.71,27663.61,9221.2,1
190,70,PI-2024-0069,08046384,20240225,Accessibilitat a centre 08046384,ACCESSIBILITAT,EN_EXECUCIO,2024,2026,2,2024-02-25,2024,3684.58,27663.61,9221.2,1
191,70,PI-2024-0069,08046384,20260323,Accessibilitat a centre 08046384,ACCESSIBILITAT,EN_EXECUCIO,2024,2026,3,2026-03-23,2026,2438.22,27663.61,9221.2,1
192,72,PI-2023-0071,08078671,20231229,Ampliacio a centre 08078671,AMPLIACIO,ADJUDICAT,2023,2025,1,2023-12-29,2023,860.95,426765.27,106691.32,1
193,72,PI-2023-0071,08078671,20250330,Ampliacio a centre 08078671,AMPLIACIO,ADJUDICAT,2023,2025,2,2025-03-30,2025,1888.88,426765.27,106691.32,1
194,72,PI-2023-0071,08078671,20250408,Ampliacio a centre 08078671,AMPLIACIO,ADJUDICAT,2023,2025,3,2025-04-08,2025,4052.08,426765.27,106691.32,1
195,72,PI-2023-0071,08078671,20240128,Ampliacio a centre 08078671,AMPLIACIO,ADJUDICAT,2023,2025,4,2024-01-28,2024,18804.0,426765.27,106691.32,1
196,73,PI-2023-0072,08002927,20230723,Reforma a centre 08002927,REFORMA,FINALITZAT,2023,2026,1,2023-07-23,2023,13971.08,159311.97,31862.39,1
197,73,PI-2023-0072,08002927,20231130,Reforma a centre 08002927,REFORMA,FINALITZAT,2023,2026,2,2023-11-30,2023,29546.06,159311.97,31862.39,1
198,73,PI-2023-0072,08002927,20250131,Reforma a centre 08002927,REFORMA,FINALITZAT,2023,2026,3,2025-01-31,2025,39969.67,159311.97,31862.39,1
199,73,PI-2023-0072,08002927,20250117,Reforma a centre 08002927,REFORMA,FINALITZAT,2023,2026,4,2025-01-17,2025,15354.56,159311.97,31862.39,1
200,73,PI-2023-0072,08002927,20240318,Reforma a centre 08002927,REFORMA,FINALITZAT,2023,2026,5,2024-03-18,2024,62702.53,159311.97,31862.39,1
201,74,PI-2023-0073,08039963,20231108,Reforma a centre 08039963,REFORMA,EN_EXECUCIO,2023,2026,1,2023-11-08,2023,8759.15,25000.0,25000.0,1
202,75,PI-2024-0074,08055750,20250926,Reforma a centre 08055750,REFORMA,EN_EXECUCIO,2024,2027,1,2025-09-26,2025,123493.35,254986.04,254986.04,1
203,76,PI-2026-0075,08051860,20260505,Ampliacio a centre 08051860,AMPLIACIO,EN_EXECUCIO,2026,2027,1,2026-05-05,2026,51346.94,855257.14,142542.86,1
204,76,PI-2026-0075,08051860,20261001,Ampliacio a centre 08051860,AMPLIACIO,EN_EXECUCIO,2026,2027,2,2026-10-01,2026,197749.72,855257.14,142542.86,1
205,76,PI-2026-0075,08051860,20270410,Ampliacio a centre 08051860,AMPLIACIO,EN_EXECUCIO,2026,2027,3,2027-04-10,2027,121630.06,855257.14,142542.86,1
206,76,PI-2026-0075,08051860,20260709,Ampliacio a centre 08051860,AMPLIACIO,EN_EXECUCIO,2026,2027,4,2026-07-09,2026,53803.31,855257.14,142542.86,1
207,76,PI-2026-0075,08051860,20270618,Ampliacio a centre 08051860,AMPLIACIO,EN_EXECUCIO,2026,2027,5,2027-06-18,2027,179875.91,855257.14,142542.86,1
208,76,PI-2026-0075,08051860,20270717,Ampliacio a centre 08051860,AMPLIACIO,EN_EXECUCIO,2026,2027,6,2027-07-17,2027,39006.02,855257.14,142542.86,1
209,77,PI-2026-0076,08010547,20270526,Retirada amiant a centre 08010547,RETIRADA_AMIANT,FINALITZAT,2026,2028,1,2027-05-26,2027,25198.69,114538.84,57269.42,1
210,77,PI-2026-0076,08010547,20270716,Retirada amiant a centre 08010547,RETIRADA_AMIANT,FINALITZAT,2026,2028,2,2027-07-16,2027,82332.02,114538.84,57269.42,1
211,79,PI-2025-0078,08047029,20250520,Reforma a centre 08047029,REFORMA,FINALITZAT,2025,2027,1,2025-05-20,2025,3032.69,136757.29,22792.88,1
212,79,PI-2025-0078,08047029,20270519,Reforma a centre 08047029,REFORMA,FINALITZAT,2025,2027,2,2027-05-19,2027,42996.01,136757.29,22792.88,1
213,79,PI-2025-0078,08047029,20261106,Reforma a centre 08047029,REFORMA,FINALITZAT,2025,2027,3,2026-11-06,2026,30882.78,136757.29,22792.88,1
214,79,PI-2025-0078,08047029,20270218,Reforma a centre 08047029,REFORMA,FINALITZAT,2025,2027,4,2027-02-18,2027,3085.7,136757.29,22792.88,1
215,79,PI-2025-0078,08047029,20260722,Reforma a centre 08047029,REFORMA,FINALITZAT,2025,2027,5,2026-07-22,2026,17319.09,136757.29,22792.88,1
216,79,PI-2025-0078,08047029,20260329,Reforma a centre 08047029,REFORMA,FINALITZAT,2025,2027,6,2026-03-29,2026,33707.03,136757.29,22792.88,1
217,80,PI-2025-0079,08069748,20251108,Accessibilitat a centre 08069748,ACCESSIBILITAT,EN_EXECUCIO,2025,2028,1,2025-11-08,2025,68936.78,218186.98,72728.99,1
218,80,PI-2025-0079,08069748,20270118,Accessibilitat a centre 08069748,ACCESSIBILITAT,EN_EXECUCIO,2025,2028,2,2027-01-18,2027,57327.81,218186.98,72728.99,1
219,80,PI-2025-0079,08069748,20270327,Accessibilitat a centre 08069748,ACCESSIBILITAT,EN_EXECUCIO,2025,2028,3,2027-03-27,2027,19093.88,218186.98,72728.99,1
220,81,PI-2025-0080,08002587,20251001,Reforma a centre 08002587,REFORMA,ATURAT,2025,2028,1,2025-10-01,2025,38049.66,113538.26,113538.26,1
221,82,PI-2024-0081,08045525,20251230,Reforma a centre 08045525,REFORMA,EN_EXECUCIO,2024,2025,1,2025-12-30,2025,17103.03,96292.94,24073.24,1
222,82,PI-2024-0081,08045525,20240906,Reforma a centre 08045525,REFORMA,EN_EXECUCIO,2024,2025,2,2024-09-06,2024,1551.34,96292.94,24073.24,1
223,82,PI-2024-0081,08045525,20251201,Reforma a centre 08045525,REFORMA,EN_EXECUCIO,2024,2025,3,2025-12-01,2025,4427.77,96292.94,24073.24,1
224,82,PI-2024-0081,08045525,20250527,Reforma a centre 08045525,REFORMA,EN_EXECUCIO,2024,2025,4,2025-05-27,2025,1074.1,96292.94,24073.24,1
225,83,PI-2023-0082,08004523,20230726,Reforma a centre 08004523,REFORMA,ATURAT,2023,2025,1,2023-07-26,2023,10029.92,126568.35,42189.45,1
226,83,PI-2023-0082,08004523,20240927,Reforma a centre 08004523,REFORMA,ATURAT,2023,2025,2,2024-09-27,2024,15185.13,126568.35,42189.45,1
227,83,PI-2023-0082,08004523,20240401,Reforma a centre 08004523,REFORMA,ATURAT,2023,2025,3,2024-04-01,2024,20861.34,126568.35,42189.45,1
228,85,PI-2023-0084,08051860,20250508,Reforma a centre 08051860,REFORMA,EN_EXECUCIO,2023,2024,1,2025-05-08,2025,132052.02,213311.87,106655.94,1
229,85,PI-2023-0084,08051860,20230609,Reforma a centre 08051860,REFORMA,EN_EXECUCIO,2023,2024,2,2023-06-09,2023,9709.22,213311.87,106655.94,1
230,86,PI-2024-0085,08050922,20260317,Eficiencia energetica a centre 08050922,EFICIENCIA_ENERGETICA,FINALITZAT,2024,2027,1,2026-03-17,2026,115443.7,222303.63,74101.21,1
231,86,PI-2024-0085,08050922,20250412,Eficiencia energetica a centre 08050922,EFICIENCIA_ENERGETICA,FINALITZAT,2024,2027,2,2025-04-12,2025,5311.51,222303.63,74101.21,1
232,86,PI-2024-0085,08050922,20260524,Eficiencia energetica a centre 08050922,EFICIENCIA_ENERGETICA,FINALITZAT,2024,2027,3,2026-05-24,2026,90828.93,222303.63,74101.21,1
233,87,PI-2026-0086,08001911,20260808,Accessibilitat a centre 08001911,ACCESSIBILITAT,FINALITZAT,2026,2029,1,2026-08-08,2026,2144.47,96792.32,16132.05,1
234,87,PI-2026-0086,08001911,20260513,Accessibilitat a centre 08001911,ACCESSIBILITAT,FINALITZAT,2026,2029,2,2026-05-13,2026,14621.99,96792.32,16132.05,1
235,87,PI-2026-0086,08001911,20260706,Accessibilitat a centre 08001911,ACCESSIBILITAT,FINALITZAT,2026,2029,3,2026-07-06,2026,41038.56,96792.32,16132.05,1
236,87,PI-2026-0086,08001911,20270218,Accessibilitat a centre 08001911,ACCESSIBILITAT,FINALITZAT,2026,2029,4,2027-02-18,2027,15112.75,96792.32,16132.05,1
237,87,PI-2026-0086,08001911,20270415,Accessibilitat a centre 08001911,ACCESSIBILITAT,FINALITZAT,2026,2029,5,2027-04-15,2027,9562.01,96792.32,16132.05,1
238,87,PI-2026-0086,08001911,20260309,Accessibilitat a centre 08001911,ACCESSIBILITAT,FINALITZAT,2026,2029,6,2026-03-09,2026,7667.02,96792.32,16132.05,1
239,91,PI-2025-0090,08048435,20260317,Reforma a centre 08048435,REFORMA,FINALITZAT,2025,2027,1,2026-03-17,2026,1140.12,277189.77,55437.95,1
240,91,PI-2025-0090,08048435,20270124,Reforma a centre 08048435,REFORMA,FINALITZAT,2025,2027,2,2027-01-24,2027,57651.88,277189.77,55437.95,1
241,91,PI-2025-0090,08048435,20260503,Reforma a centre 08048435,REFORMA,FINALITZAT,2025,2027,3,2026-05-03,2026,138849.7,277189.77,55437.95,1
242,91,PI-2025-0090,08048435,20260421,Reforma a centre 08048435,REFORMA,FINALITZAT,2025,2027,4,2026-04-21,2026,46164.08,277189.77,55437.95,1
243,91,PI-2025-0090,08048435,20270131,Reforma a centre 08048435,REFORMA,FINALITZAT,2025,2027,5,2027-01-31,2027,34430.17,277189.77,55437.95,1
244,92,PI-2026-0091,08018091,20270513,Accessibilitat a centre 08018091,ACCESSIBILITAT,FINALITZAT,2026,2028,1,2027-05-13,2027,28628.64,90284.82,18056.96,1
245,92,PI-2026-0091,08018091,20260903,Accessibilitat a centre 08018091,ACCESSIBILITAT,FINALITZAT,2026,2028,2,2026-09-03,2026,27111.96,90284.82,18056.96,1
246,92,PI-2026-0091,08018091,20280425,Accessibilitat a centre 08018091,ACCESSIBILITAT,FINALITZAT,2026,2028,3,2028-04-25,2028,11203.11,90284.82,18056.96,1
247,92,PI-2026-0091,08018091,20260328,Accessibilitat a centre 08018091,ACCESSIBILITAT,FINALITZAT,2026,2028,4,2026-03-28,2026,14828.27,90284.82,18056.96,1
248,92,PI-2026-0091,08018091,20260418,Accessibilitat a centre 08018091,ACCESSIBILITAT,FINALITZAT,2026,2028,5,2026-04-18,2026,4686.2,90284.82,18056.96,1
249,93,PI-2025-0092,08027973,20250619,Reforma a centre 08027973,REFORMA,ADJUDICAT,2025,2027,1,2025-06-19,2025,226.14,144308.43,24051.41,1
250,93,PI-2025-0092,08027973,20250423,Reforma a centre 08027973,REFORMA,ADJUDICAT,2025,2027,2,2025-04-23,2025,18.64,144308.43,24051.41,1
251,93,PI-2025-0092,08027973,20270212,Reforma a centre 08027973,REFORMA,ADJUDICAT,2025,2027,3,2027-02-12,2027,1641.35,144308.43,24051.41,1
252,93,PI-2025-0092,08027973,20261223,Reforma a centre 08027973,REFORMA,ADJUDICAT,2025,2027,4,2026-12-23,2026,2152.74,144308.43,24051.41,1
253,93,PI-2025-0092,08027973,20270131,Reforma a centre 08027973,REFORMA,ADJUDICAT,2025,2027,5,2027-01-31,2027,1046.35,144308.43,24051.41,1
254,93,PI-2025-0092,08027973,20261025,Reforma a centre 08027973,REFORMA,ADJUDICAT,2025,2027,6,2026-10-25,2026,3573.27,144308.43,24051.41,1
255,94,PI-2023-0093,08047081,20240531,Retirada amiant a centre 08047081,RETIRADA_AMIANT,EN_EXECUCIO,2023,2025,1,2024-05-31,2024,947.55,149639.56,29927.91,1
256,94,PI-2023-0093,08047081,20240716,Retirada amiant a centre 08047081,RETIRADA_AMIANT,EN_EXECUCIO,2023,2025,2,2024-07-16,2024,26000.94,149639.56,29927.91,1
257,94,PI-2023-0093,08047081,20241215,Retirada amiant a centre 08047081,RETIRADA_AMIANT,EN_EXECUCIO,2023,2025,3,2024-12-15,2024,15166.41,149639.56,29927.91,1
258,94,PI-2023-0093,08047081,20240508,Retirada amiant a centre 08047081,RETIRADA_AMIANT,EN_EXECUCIO,2023,2025,4,2024-05-08,2024,8300.92,149639.56,29927.91,1
259,94,PI-2023-0093,08047081,20230903,Retirada amiant a centre 08047081,RETIRADA_AMIANT,EN_EXECUCIO,2023,2025,5,2023-09-03,2023,11807.73,149639.56,29927.91,1
260,96,PI-2026-0095,08048320,20280607,Ampliacio a centre 08048320,AMPLIACIO,ADJUDICAT,2026,2029,1,2028-06-07,2028,8405.52,778293.48,129715.58,1
261,96,PI-2026-0095,08048320,20260212,Ampliacio a centre 08048320,AMPLIACIO,ADJUDICAT,2026,2029,2,2026-02-12,2026,8379.16,778293.48,129715.58,1
262,96,PI-2026-0095,08048320,20271128,Ampliacio a centre 08048320,AMPLIACIO,ADJUDICAT,2026,2029,3,2027-11-28,2027,11311.53,778293.48,129715.58,1
263,96,PI-2026-0095,08048320,20270705,Ampliacio a centre 08048320,AMPLIACIO,ADJUDICAT,2026,2029,4,2027-07-05,2027,19.74,778293.48,129715.58,1
264,96,PI-2026-0095,08048320,20260313,Ampliacio a centre 08048320,AMPLIACIO,ADJUDICAT,2026,2029,5,2026-03-13,2026,13213.35,778293.48,129715.58,1
265,96,PI-2026-0095,08048320,20280212,Ampliacio a centre 08048320,AMPLIACIO,ADJUDICAT,2026,2029,6,2028-02-12,2028,5368.31,778293.48,129715.58,1
266,97,PI-2025-0096,08078351,20260708,Reforma a centre 08078351,REFORMA,ADJUDICAT,2025,2028,1,2026-07-08,2026,8725.55,189519.14,63173.05,1
267,97,PI-2025-0096,08078351,20260806,Reforma a centre 08078351,REFORMA,ADJUDICAT,2025,2028,2,2026-08-06,2026,1763.33,189519.14,63173.05,1
268,97,PI-2025-0096,08078351,20261218,Reforma a centre 08078351,REFORMA,ADJUDICAT,2025,2028,3,2026-12-18,2026,882.26,189519.14,63173.05,1
269,98,PI-2024-0097,08048101,20241007,Reforma a centre 08048101,REFORMA,ADJUDICAT,2024,2025,1,2024-10-07,2024,8805.29,146754.77,146754.77,1
270,99,PI-2023-0098,08066759,20231008,Eficiencia energetica a centre 08066759,EFICIENCIA_ENERGETICA,ATURAT,2023,2026,1,2023-10-08,2023,1725.59,229674.8,57418.7,1
271,99,PI-2023-0098,08066759,20240309,Eficiencia energetica a centre 08066759,EFICIENCIA_ENERGETICA,ATURAT,2023,2026,2,2024-03-09,2024,3273.57,229674.8,57418.7,1
272,99,PI-2023-0098,08066759,20241215,Eficiencia energetica a centre 08066759,EFICIENCIA_ENERGETICA,ATURAT,2023,2026,3,2024-12-15,2024,5905.7,229674.8,57418.7,1
273,99,PI-2023-0098,08066759,20230717,Eficiencia energetica a centre 08066759,EFICIENCIA_ENERGETICA,ATURAT,2023,2026,4,2023-07-17,2023,16209.7,229674.8,57418.7,1
274,100,PI-2023-0099,08036378,20250504,Reforma a centre 08036378,REFORMA,FINALITZAT,2023,2026,1,2025-05-04,2025,210780.01,325308.93,81327.23,1
275,100,PI-2023-0099,08036378,20230510,Reforma a centre 08036378,REFORMA,FINALITZAT,2023,2026,2,2023-05-10,2023,31940.0,325308.93,81327.23,1
276,100,PI-2023-0099,08036378,20230709,Reforma a centre 08036378,REFORMA,FINALITZAT,2023,2026,3,2023-07-09,2023,1712.8,325308.93,81327.23,1
277,100,PI-2023-0099,08036378,20240125,Reforma a centre 08036378,REFORMA,FINALITZAT,2023,2026,4,2024-01-25,2024,81772.18,325308.93,81327.23,1
278,102,PI-2023-0101,08043103,20230613,Reforma a centre 08043103,REFORMA,EN_EXECUCIO,2023,2025,1,2023-06-13,2023,9227.64,146761.62,29352.32,1
279,102,PI-2023-0101,08043103,20241011,Reforma a centre 08043103,REFORMA,EN_EXECUCIO,2023,2025,2,2024-10-11,2024,1000.18,146761.62,29352.32,1
280,102,PI-2023-0101,08043103,20230712,Reforma a centre 08043103,REFORMA,EN_EXECUCIO,2023,2025,3,2023-07-12,2023,23671.48,146761.62,29352.32,1
281,102,PI-2023-0101,08043103,20241223,Reforma a centre 08043103,REFORMA,EN_EXECUCIO,2023,2025,4,2024-12-23,2024,8487.31,146761.62,29352.32,1
282,102,PI-2023-0101,08043103,20230914,Reforma a centre 08043103,REFORMA,EN_EXECUCIO,2023,2025,5,2023-09-14,2023,2724.62,146761.62,29352.32,1
283,104,PI-2024-0103,08002368,20240826,Accessibilitat a centre 08002368,ACCESSIBILITAT,FINALITZAT,2024,2026,1,2024-08-26,2024,1092.42,28634.37,5726.87,1
284,104,PI-2024-0103,08002368,20250625,Accessibilitat a centre 08002368,ACCESSIBILITAT,FINALITZAT,2024,2026,2,2025-06-25,2025,11005.88,28634.37,5726.87,1
285,104,PI-2024-0103,08002368,20250702,Accessibilitat a centre 08002368,ACCESSIBILITAT,FINALITZAT,2024,2026,3,2025-07-02,2025,588.97,28634.37,5726.87,1
286,104,PI-2024-0103,08002368,20240506,Accessibilitat a centre 08002368,ACCESSIBILITAT,FINALITZAT,2024,2026,4,2024-05-06,2024,2463.26,28634.37,5726.87,1
287,104,PI-2024-0103,08002368,20240517,Accessibilitat a centre 08002368,ACCESSIBILITAT,FINALITZAT,2024,2026,5,2024-05-17,2024,12018.57,28634.37,5726.87,1
288,106,PI-2026-0105,08002290,20261011,Reforma a centre 08002290,REFORMA,ADJUDICAT,2026,2028,1,2026-10-11,2026,4186.92,69782.03,69782.03,1
289,108,PI-2025-0107,08019319,20270517,Retirada amiant a centre 08019319,RETIRADA_AMIANT,ATURAT,2025,2028,1,2027-05-17,2027,20710.19,142641.0,71320.5,1
290,108,PI-2025-0107,08019319,20261123,Retirada amiant a centre 08019319,RETIRADA_AMIANT,ATURAT,2025,2028,2,2026-11-23,2026,33928.63,142641.0,71320.5,1
291,109,PI-2024-0108,08071135,20260604,Retirada amiant a centre 08071135,RETIRADA_AMIANT,FINALITZAT,2024,2025,1,2026-06-04,2026,25412.42,182078.26,30346.38,1
292,109,PI-2024-0108,08071135,20250405,Retirada amiant a centre 08071135,RETIRADA_AMIANT,FINALITZAT,2024,2025,2,2025-04-05,2025,81894.36,182078.26,30346.38,1
293,109,PI-2024-0108,08071135,20241211,Retirada amiant a centre 08071135,RETIRADA_AMIANT,FINALITZAT,2024,2025,3,2024-12-11,2024,7704.04,182078.26,30346.38,1
294,109,PI-2024-0108,08071135,20240714,Retirada amiant a centre 08071135,RETIRADA_AMIANT,FINALITZAT,2024,2025,4,2024-07-14,2024,35032.93,182078.26,30346.38,1
295,109,PI-2024-0108,08071135,20250412,Retirada amiant a centre 08071135,RETIRADA_AMIANT,FINALITZAT,2024,2025,5,2025-04-12,2025,20598.36,182078.26,30346.38,1
296,109,PI-2024-0108,08071135,20240422,Retirada amiant a centre 08071135,RETIRADA_AMIANT,FINALITZAT,2024,2025,6,2024-04-22,2024,11576.99,182078.26,30346.38,1
297,110,PI-2026-0109,08077241,20270813,Ampliacio a centre 08077241,AMPLIACIO,ADJUDICAT,2026,2027,1,2027-08-13,2027,38153.94,993466.18,496733.09,1
298,110,PI-2026-0109,08077241,20280116,Ampliacio a centre 08077241,AMPLIACIO,ADJUDICAT,2026,2027,2,2028-01-16,2028,21454.03,993466.18,496733.09,1
299,111,PI-2024-0110,08002204,20250105,Reforma a centre 08002204,REFORMA,FINALITZAT,2024,2026,1,2025-01-05,2025,68162.71,178172.2,59390.73,1
300,111,PI-2024-0110,08002204,20251114,Reforma a centre 08002204,REFORMA,FINALITZAT,2024,2026,2,2025-11-14,2025,63887.97,178172.2,59390.73,1
301,111,PI-2024-0110,08002204,20240306,Reforma a centre 08002204,REFORMA,FINALITZAT,2024,2026,3,2024-03-06,2024,49500.89,178172.2,59390.73,1
302,112,PI-2024-0111,08050776,20250512,Eficiencia energetica a centre 08050776,EFICIENCIA_ENERGETICA,ATURAT,2024,2026,1,2025-05-12,2025,41392.58,104633.76,104633.76,1
303,113,PI-2026-0112,08037395,20260927,Eficiencia energetica a centre 08037395,EFICIENCIA_ENERGETICA,FINALITZAT,2026,2028,1,2026-09-27,2026,24539.13,436504.41,87300.88,1
304,113,PI-2026-0112,08037395,20270421,Eficiencia energetica a centre 08037395,EFICIENCIA_ENERGETICA,FINALITZAT,2026,2028,2,2027-04-21,2027,3069.9,436504.41,87300.88,1
305,113,PI-2026-0112,08037395,20270518,Eficiencia energetica a centre 08037395,EFICIENCIA_ENERGETICA,FINALITZAT,2026,2028,3,2027-05-18,2027,15680.4,436504.41,87300.88,1
306,113,PI-2026-0112,08037395,20261228,Eficiencia energetica a centre 08037395,EFICIENCIA_ENERGETICA,FINALITZAT,2026,2028,4,2026-12-28,2026,228044.19,436504.41,87300.88,1
307,113,PI-2026-0112,08037395,20270620,Eficiencia energetica a centre 08037395,EFICIENCIA_ENERGETICA,FINALITZAT,2026,2028,5,2027-06-20,2027,158309.69,436504.41,87300.88,1
308,114,PI-2023-0113,08076273,20230408,Ampliacio a centre 08076273,AMPLIACIO,EN_EXECUCIO,2023,2024,1,2023-04-08,2023,154709.61,754371.75,150874.35,1
309,114,PI-2023-0113,08076273,20241121,Ampliacio a centre 08076273,AMPLIACIO,EN_EXECUCIO,2023,2024,2,2024-11-21,2024,4954.23,754371.75,150874.35,1
310,114,PI-2023-0113,08076273,20230825,Ampliacio a centre 08076273,AMPLIACIO,EN_EXECUCIO,2023,2024,3,2023-08-25,2023,99886.56,754371.75,150874.35,1
311,114,PI-2023-0113,08076273,20231101,Ampliacio a centre 08076273,AMPLIACIO,EN_EXECUCIO,2023,2024,4,2023-11-01,2023,20736.08,754371.75,150874.35,1
312,114,PI-2023-0113,08076273,20240909,Ampliacio a centre 08076273,AMPLIACIO,EN_EXECUCIO,2023,2024,5,2024-09-09,2024,10588.5,754371.75,150874.35,1
313,115,PI-2025-0114,08074367,20270107,Reforma a centre 08074367,REFORMA,EN_EXECUCIO,2025,2026,1,2027-01-07,2027,2473.12,164004.37,27334.06,1
314,115,PI-2025-0114,08074367,20250621,Reforma a centre 08074367,REFORMA,EN_EXECUCIO,2025,2026,2,2025-06-21,2025,25721.44,164004.37,27334.06,1
315,115,PI-2025-0114,08074367,20260111,Reforma a centre 08074367,REFORMA,EN_EXECUCIO,2025,2026,3,2026-01-11,2026,2591.13,164004.37,27334.06,1
316,115,PI-2025-0114,08074367,20251006,Reforma a centre 08074367,REFORMA,EN_EXECUCIO,2025,2026,4,2025-10-06,2025,4414.78,164004.37,27334.06,1
317,115,PI-2025-0114,08074367,20260504,Reforma a centre 08074367,REFORMA,EN_EXECUCIO,2025,2026,5,2026-05-04,2026,26234.85,164004.37,27334.06,1
318,115,PI-2025-0114,08074367,20260809,Reforma a centre 08074367,REFORMA,EN_EXECUCIO,2025,2026,6,2026-08-09,2026,2844.45,164004.37,27334.06,1
319,116,PI-2025-0115,08001030,20260830,Eficiencia energetica a centre 08001030,EFICIENCIA_ENERGETICA,EN_EXECUCIO,2025,2027,1,2026-08-30,2026,45984.63,249181.28,124590.64,1
320,116,PI-2025-0115,08001030,20261229,Eficiencia energetica a centre 08001030,EFICIENCIA_ENERGETICA,EN_EXECUCIO,2025,2027,2,2026-12-29,2026,19683.11,249181.28,124590.64,1
321,117,PI-2026-0116,08075700,20270912,Accessibilitat a centre 08075700,ACCESSIBILITAT,FINALITZAT,2026,2027,1,2027-09-12,2027,17727.84,112320.86,18720.14,1
322,117,PI-2026-0116,08075700,20270816,Accessibilitat a centre 08075700,ACCESSIBILITAT,FINALITZAT,2026,2027,2,2027-08-16,2027,5374.76,112320.86,18720.14,1
323,117,PI-2026-0116,08075700,20260916,Accessibilitat a centre 08075700,ACCESSIBILITAT,FINALITZAT,2026,2027,3,2026-09-16,2026,6730.73,112320.86,18720.14,1
324,117,PI-2026-0116,08075700,20260406,Accessibilitat a centre 08075700,ACCESSIBILITAT,FINALITZAT,2026,2027,4,2026-04-06,2026,9131.6,112320.86,18720.14,1
325,117,PI-2026-0116,08075700,20270107,Accessibilitat a centre 08075700,ACCESSIBILITAT,FINALITZAT,2026,2027,5,2027-01-07,2027,33914.63,112320.86,18720.14,1
326,117,PI-2026-0116,08075700,20260513,Accessibilitat a centre 08075700,ACCESSIBILITAT,FINALITZAT,2026,2027,6,2026-05-13,2026,35875.37,112320.86,18720.14,1
327,119,PI-2025-0118,08057965,20261217,Reforma a centre 08057965,REFORMA,EN_EXECUCIO,2025,2028,1,2026-12-17,2026,46659.74,215594.74,71864.91,1
328,119,PI-2025-0118,08057965,20270219,Reforma a centre 08057965,REFORMA,EN_EXECUCIO,2025,2028,2,2027-02-19,2027,6755.14,215594.74,71864.91,1
329,119,PI-2025-0118,08057965,20270417,Reforma a centre 08057965,REFORMA,EN_EXECUCIO,2025,2028,3,2027-04-17,2027,11150.96,215594.74,71864.91,1
330,120,PI-2025-0119,08067387,20270112,Accessibilitat a centre 08067387,ACCESSIBILITAT,FINALITZAT,2025,2026,1,2027-01-12,2027,1008.26,64067.95,16016.99,1
331,120,PI-2025-0119,08067387,20250217,Accessibilitat a centre 08067387,ACCESSIBILITAT,FINALITZAT,2025,2026,2,2025-02-17,2025,17053.26,64067.95,16016.99,1
332,120,PI-2025-0119,08067387,20250828,Accessibilitat a centre 08067387,ACCESSIBILITAT,FINALITZAT,2025,2026,3,2025-08-28,2025,33744.56,64067.95,16016.99,1
333,120,PI-2025-0119,08067387,20250514,Accessibilitat a centre 08067387,ACCESSIBILITAT,FINALITZAT,2025,2026,4,2025-05-14,2025,10112.18,64067.95,16016.99,1
334,121,PI-2025-0120,08013408,20250509,Ampliacio a centre 08013408,AMPLIACIO,FINALITZAT,2025,2028,1,2025-05-09,2025,24502.6,282576.13,70644.03,1
335,121,PI-2025-0120,08013408,20251011,Ampliacio a centre 08013408,AMPLIACIO,FINALITZAT,2025,2028,2,2025-10-11,2025,467.67,282576.13,70644.03,1
336,121,PI-2025-0120,08013408,20250716,Ampliacio a centre 08013408,AMPLIACIO,FINALITZAT,2025,2028,3,2025-07-16,2025,40612.76,282576.13,70644.03,1
337,121,PI-2025-0120,08013408,20260616,Ampliacio a centre 08013408,AMPLIACIO,FINALITZAT,2025,2028,4,2026-06-16,2026,213984.68,282576.13,70644.03,1
338,122,PI-2023-0121,08004900,20240119,Eficiencia energetica a centre 08004900,EFICIENCIA_ENERGETICA,FINALITZAT,2023,2025,1,2024-01-19,2024,64494.96,216818.16,54204.54,1
339,122,PI-2023-0121,08004900,20240307,Eficiencia energetica a centre 08004900,EFICIENCIA_ENERGETICA,FINALITZAT,2023,2025,2,2024-03-07,2024,47192.7,216818.16,54204.54,1
340,122,PI-2023-0121,08004900,20230308,Eficiencia energetica a centre 08004900,EFICIENCIA_ENERGETICA,FINALITZAT,2023,2025,3,2023-03-08,2023,30752.69,216818.16,54204.54,1
341,122,PI-2023-0121,08004900,20230614,Eficiencia energetica a centre 08004900,EFICIENCIA_ENERGETICA,FINALITZAT,2023,2025,4,2023-06-14,2023,70087.21,216818.16,54204.54,1
342,123,PI-2023-0122,08068987,20230927,Retirada amiant a centre 08068987,RETIRADA_AMIANT,FINALITZAT,2023,2026,1,2023-09-27,2023,36700.16,219325.81,36554.3,1
343,123,PI-2023-0122,08068987,20230721,Retirada amiant a centre 08068987,RETIRADA_AMIANT,FINALITZAT,2023,2026,2,2023-07-21,2023,13728.12,219325.81,36554.3,1
344,123,PI-2023-0122,08068987,20241020,Retirada amiant a centre 08068987,RETIRADA_AMIANT,FINALITZAT,2023,2026,3,2024-10-20,2024,89049.41,219325.81,36554.3,1
345,123,PI-2023-0122,08068987,20240415,Retirada amiant a centre 08068987,RETIRADA_AMIANT,FINALITZAT,2023,2026,4,2024-04-15,2024,2621.18,219325.81,36554.3,1
346,123,PI-2023-0122,08068987,20230721,Retirada amiant a centre 08068987,RETIRADA_AMIANT,FINALITZAT,2023,2026,5,2023-07-21,2023,20622.6,219325.81,36554.3,1
347,123,PI-2023-0122,08068987,20230408,Retirada amiant a centre 08068987,RETIRADA_AMIANT,FINALITZAT,2023,2026,6,2023-04-08,2023,56480.64,219325.81,36554.3,1
348,124,PI-2024-0123,08036378,20250917,Eficiencia energetica a centre 08036378,EFICIENCIA_ENERGETICA,ADJUDICAT,2024,2026,1,2025-09-17,2025,2306.03,148729.26,49576.42,1
349,124,PI-2024-0123,08036378,20241120,Eficiencia energetica a centre 08036378,EFICIENCIA_ENERGETICA,ADJUDICAT,2024,2026,2,2024-11-20,2024,4026.58,148729.26,49576.42,1
350,124,PI-2024-0123,08036378,20241219,Eficiencia energetica a centre 08036378,EFICIENCIA_ENERGETICA,ADJUDICAT,2024,2026,3,2024-12-19,2024,2591.14,148729.26,49576.42,1
351,125,PI-2026-0124,08056882,20280524,Eficiencia energetica a centre 08056882,EFICIENCIA_ENERGETICA,FINALITZAT,2026,2029,1,2028-05-24,2028,123060.63,443108.39,147702.8,1
352,125,PI-2026-0124,08056882,20270423,Eficiencia energetica a centre 08056882,EFICIENCIA_ENERGETICA,FINALITZAT,2026,2029,2,2027-04-23,2027,108324.87,443108.39,147702.8,1
353,125,PI-2026-0124,08056882,20270728,Eficiencia energetica a centre 08056882,EFICIENCIA_ENERGETICA,FINALITZAT,2026,2029,3,2027-07-28,2027,189903.08,443108.39,147702.8,1
354,127,PI-2024-0126,08043784,20260112,Ampliacio a centre 08043784,AMPLIACIO,EN_EXECUCIO,2024,2026,1,2026-01-12,2026,65829.57,421200.22,210600.11,1
355,127,PI-2024-0126,08043784,20260109,Ampliacio a centre 08043784,AMPLIACIO,EN_EXECUCIO,2024,2026,2,2026-01-09,2026,78304.9,421200.22,210600.11,1
356,128,PI-2025-0127,08044053,20270412,Reforma a centre 08044053,REFORMA,EN_EXECUCIO,2025,2028,1,2027-04-12,2027,2172.38,25000.0,12500.0,1
357,128,PI-2025-0127,08044053,20251224,Reforma a centre 08044053,REFORMA,EN_EXECUCIO,2025,2028,2,2025-12-24,2025,5449.46,25000.0,12500.0,1
358,129,PI-2026-0128,08069751,20270530,Eficiencia energetica a centre 08069751,EFICIENCIA_ENERGETICA,EN_EXECUCIO,2026,2028,1,2027-05-30,2027,28059.68,262306.01,131153.01,1
359,129,PI-2026-0128,08069751,20270513,Eficiencia energetica a centre 08069751,EFICIENCIA_ENERGETICA,EN_EXECUCIO,2026,2028,2,2027-05-13,2027,94936.28,262306.01,131153.01,1
360,130,PI-2024-0129,08070842,20250204,Accessibilitat a centre 08070842,ACCESSIBILITAT,FINALITZAT,2024,2027,1,2025-02-04,2025,4740.42,66149.22,22049.74,1
361,130,PI-2024-0129,08070842,20240515,Accessibilitat a centre 08070842,ACCESSIBILITAT,FINALITZAT,2024,2027,2,2024-05-15,2024,24785.85,66149.22,22049.74,1
362,130,PI-2024-0129,08070842,20251017,Accessibilitat a centre 08070842,ACCESSIBILITAT,FINALITZAT,2024,2027,3,2025-10-17,2025,34707.25,66149.22,22049.74,1
363,131,PI-2025-0130,08004900,20260827,Ampliacio a centre 08004900,AMPLIACIO,EN_EXECUCIO,2025,2028,1,2026-08-27,2026,178411.88,975109.81,325036.6,1
364,131,PI-2025-0130,08004900,20270424,Ampliacio a centre 08004900,AMPLIACIO,EN_EXECUCIO,2025,2028,2,2027-04-24,2027,166666.96,975109.81,325036.6,1
365,131,PI-2025-0130,08004900,20261121,Ampliacio a centre 08004900,AMPLIACIO,EN_EXECUCIO,2025,2028,3,2026-11-21,2026,140586.26,975109.81,325036.6,1
366,132,PI-2024-0131,08034242,20240512,Ampliacio a centre 08034242,AMPLIACIO,EN_EXECUCIO,2024,2026,1,2024-05-12,2024,1883.28,556741.77,139185.44,1
367,132,PI-2024-0131,08034242,20240325,Ampliacio a centre 08034242,AMPLIACIO,EN_EXECUCIO,2024,2026,2,2024-03-25,2024,17161.07,556741.77,139185.44,1
368,132,PI-2024-0131,08034242,20260504,Ampliacio a centre 08034242,AMPLIACIO,EN_EXECUCIO,2024,2026,3,2026-05-04,2026,109094.63,556741.77,139185.44,1
369,132,PI-2024-0131,08034242,20251224,Ampliacio a centre 08034242,AMPLIACIO,EN_EXECUCIO,2024,2026,4,2025-12-24,2025,215000.11,556741.77,139185.44,1
370,133,PI-2023-0132,08043255,20231130,Ampliacio a centre 08043255,AMPLIACIO,EN_EXECUCIO,2023,2025,1,2023-11-30,2023,39018.78,872820.11,145470.02,1
371,133,PI-2023-0132,08043255,20250116,Ampliacio a centre 08043255,AMPLIACIO,EN_EXECUCIO,2023,2025,2,2025-01-16,2025,218127.76,872820.11,145470.02,1
372,133,PI-2023-0132,08043255,20230515,Ampliacio a centre 08043255,AMPLIACIO,EN_EXECUCIO,2023,2025,3,2023-05-15,2023,45866.18,872820.11,145470.02,1
373,133,PI-2023-0132,08043255,20240322,Ampliacio a centre 08043255,AMPLIACIO,EN_EXECUCIO,2023,2025,4,2024-03-22,2024,82148.71,872820.11,145470.02,1
374,133,PI-2023-0132,08043255,20230902,Ampliacio a centre 08043255,AMPLIACIO,EN_EXECUCIO,2023,2025,5,2023-09-02,2023,99631.02,872820.11,145470.02,1
375,133,PI-2023-0132,08043255,20240309,Ampliacio a centre 08043255,AMPLIACIO,EN_EXECUCIO,2023,2025,6,2024-03-09,2024,152059.03,872820.11,145470.02,1
376,134,PI-2024-0133,08077241,20260423,Nova construccio a centre 08077241,NOVA_CONSTRUCCIO,EN_EXECUCIO,2024,2026,1,2026-04-23,2026,1647024.97,3373663.8,3373663.8,1
377,135,PI-2024-0134,08043267,20240624,Reforma a centre 08043267,REFORMA,FINALITZAT,2024,2025,1,2024-06-24,2024,34018.37,217695.58,72565.19,1
378,135,PI-2024-0134,08043267,20250717,Reforma a centre 08043267,REFORMA,FINALITZAT,2024,2025,2,2025-07-17,2025,157938.39,217695.58,72565.19,1
379,135,PI-2024-0134,08043267,20250903,Reforma a centre 08043267,REFORMA,FINALITZAT,2024,2025,3,2025-09-03,2025,14000.13,217695.58,72565.19,1
380,137,PI-2024-0136,08074367,20250511,Reforma a centre 08074367,REFORMA,FINALITZAT,2024,2026,1,2025-05-11,2025,79589.91,150084.15,30016.83,1
381,137,PI-2024-0136,08074367,20260322,Reforma a centre 08074367,REFORMA,FINALITZAT,2024,2026,2,2026-03-22,2026,8205.29,150084.15,30016.83,1
382,137,PI-2024-0136,08074367,20240524,Reforma a centre 08074367,REFORMA,FINALITZAT,2024,2026,3,2024-05-24,2024,31478.19,150084.15,30016.83,1
383,137,PI-2024-0136,08074367,20250926,Reforma a centre 08074367,REFORMA,FINALITZAT,2024,2026,4,2025-09-26,2025,2318.96,150084.15,30016.83,1
384,137,PI-2024-0136,08074367,20251017,Reforma a centre 08074367,REFORMA,FINALITZAT,2024,2026,5,2025-10-17,2025,29002.89,150084.15,30016.83,1
385,140,PI-2023-0139,08057965,20240109,Reforma a centre 08057965,REFORMA,FINALITZAT,2023,2025,1,2024-01-09,2024,23734.42,110416.94,36805.65,1
386,140,PI-2023-0139,08057965,20230906,Reforma a centre 08057965,REFORMA,FINALITZAT,2023,2025,2,2023-09-06,2023,54109.7,110416.94,36805.65,1
387,140,PI-2023-0139,08057965,20240822,Reforma a centre 08057965,REFORMA,FINALITZAT,2023,2025,3,2024-08-22,2024,24991.66,110416.94,36805.65,1
388,143,PI-2025-0142,08074367,20260709,Reforma a centre 08074367,REFORMA,EN_EXECUCIO,2025,2026,1,2026-07-09,2026,129481.61,211280.59,211280.59,1
389,144,PI-2026-0143,08048095,20260220,Ampliacio a centre 08048095,AMPLIACIO,FINALITZAT,2026,2027,1,2026-02-20,2026,19394.66,499202.65,99840.53,1
390,144,PI-2026-0143,08048095,20260721,Ampliacio a centre 08048095,AMPLIACIO,FINALITZAT,2026,2027,2,2026-07-21,2026,197208.77,499202.65,99840.53,1
391,144,PI-2026-0143,08048095,20270405,Ampliacio a centre 08048095,AMPLIACIO,FINALITZAT,2026,2027,3,2027-04-05,2027,86587.36,499202.65,99840.53,1
392,144,PI-2026-0143,08048095,20270209,Ampliacio a centre 08048095,AMPLIACIO,FINALITZAT,2026,2027,4,2027-02-09,2027,38042.49,499202.65,99840.53,1
393,144,PI-2026-0143,08048095,20280603,Ampliacio a centre 08048095,AMPLIACIO,FINALITZAT,2026,2027,5,2028-06-03,2028,131545.49,499202.65,99840.53,1
394,145,PI-2026-0144,08052608,20260201,Reforma a centre 08052608,REFORMA,EN_EXECUCIO,2026,2029,1,2026-02-01,2026,50190.26,89515.92,44757.96,1
395,145,PI-2026-0144,08052608,20270604,Reforma a centre 08052608,REFORMA,EN_EXECUCIO,2026,2029,2,2027-06-04,2027,9854.55,89515.92,44757.96,1
396,146,PI-2025-0145,08057965,20250325,Ampliacio a centre 08057965,AMPLIACIO,FINALITZAT,2025,2026,1,2025-03-25,2025,64476.21,722093.4,120348.9,1
397,146,PI-2025-0145,08057965,20261108,Ampliacio a centre 08057965,AMPLIACIO,FINALITZAT,2025,2026,2,2026-11-08,2026,179159.03,722093.4,120348.9,1
398,146,PI-2025-0145,08057965,20250306,Ampliacio a centre 08057965,AMPLIACIO,FINALITZAT,2025,2026,3,2025-03-06,2025,253905.12,722093.4,120348.9,1
399,146,PI-2025-0145,08057965,20261027,Ampliacio a centre 08057965,AMPLIACIO,FINALITZAT,2025,2026,4,2026-10-27,2026,93826.9,722093.4,120348.9,1
400,146,PI-2025-0145,08057965,20250524,Ampliacio a centre 08057965,AMPLIACIO,FINALITZAT,2025,2026,5,2025-05-24,2025,56611.93,722093.4,120348.9,1
401,146,PI-2025-0145,08057965,20250908,Ampliacio a centre 08057965,AMPLIACIO,FINALITZAT,2025,2026,6,2025-09-08,2025,36453.22,722093.4,120348.9,1
402,147,PI-2025-0146,08002198,20270101,Accessibilitat a centre 08002198,ACCESSIBILITAT,ADJUDICAT,2025,2028,1,2027-01-01,2027,2122.75,140795.82,28159.16,1
403,147,PI-2025-0146,08002198,20250303,Accessibilitat a centre 08002198,ACCESSIBILITAT,ADJUDICAT,2025,2028,2,2025-03-03,2025,4261.69,140795.82,28159.16,1
404,147,PI-2025-0146,08002198,20270215,Accessibilitat a centre 08002198,ACCESSIBILITAT,ADJUDICAT,2025,2028,3,2027-02-15,2027,1487.11,140795.82,28159.16,1
405,147,PI-2025-0146,08002198,20250209,Accessibilitat a centre 08002198,ACCESSIBILITAT,ADJUDICAT,2025,2028,4,2025-02-09,2025,361.66,140795.82,28159.16,1
406,147,PI-2025-0146,08002198,20260615,Accessibilitat a centre 08002198,ACCESSIBILITAT,ADJUDICAT,2025,2028,5,2026-06-15,2026,214.53,140795.82,28159.16,1
407,149,PI-2024-0148,08075891,20240521,Eficiencia energetica a centre 08075891,EFICIENCIA_ENERGETICA,EN_EXECUCIO,2024,2026,1,2024-05-21,2024,2677.59,397628.53,79525.71,1
408,149,PI-2024-0148,08075891,20240429,Eficiencia energetica a centre 08075891,EFICIENCIA_ENERGETICA,EN_EXECUCIO,2024,2026,2,2024-04-29,2024,75461.07,397628.53,79525.71,1
409,149,PI-2024-0148,08075891,20260519,Eficiencia energetica a centre 08075891,EFICIENCIA_ENERGETICA,EN_EXECUCIO,2024,2026,3,2026-05-19,2026,1258.24,397628.53,79525.71,1
410,149,PI-2024-0148,08075891,20240829,Eficiencia energetica a centre 08075891,EFICIENCIA_ENERGETICA,EN_EXECUCIO,2024,2026,4,2024-08-29,2024,52270.1,397628.53,79525.71,1
411,149,PI-2024-0148,08075891,20260416,Eficiencia energetica a centre 08075891,EFICIENCIA_ENERGETICA,EN_EXECUCIO,2024,2026,5,2026-04-16,2026,146806.02,397628.53,79525.71,1
